"RaumKategorie","RaumSort","RaumLang","StichtagDatJahr","AnzBestWir","FlaecheT","FlaecheL","FlaecheS","DichteT","DichteL","DichteS"
"Gesamte Stadt",0,"Ganze Stadt",2009,382906,9188.1,6526.2,3759.6,41.7,58.7,101.8
"Gesamte Stadt",0,"Ganze Stadt",2010,385468,9188.1,6522.4,3756.2,42,59.1,102.6
"Gesamte Stadt",0,"Ganze Stadt",2011,390082,9188.1,6521.9,3759.6,42.5,59.8,103.8
"Gesamte Stadt",0,"Ganze Stadt",2012,394012,9188.1,6523.5,3770.1,42.9,60.4,104.5
"Gesamte Stadt",0,"Ganze Stadt",2013,398575,9188.1,6521.5,3770.7,43.4,61.1,105.7
"Gesamte Stadt",0,"Ganze Stadt",2014,404783,9188.1,6521.9,3776.7,44.1,62.1,107.2
"Gesamte Stadt",0,"Ganze Stadt",2015,410404,9188.1,6513.9,3783.7,44.7,63,108.5
"Gesamte Stadt",0,"Ganze Stadt",2016,415682,9188.1,6499.6,3799.1,45.2,64,109.4
"Gesamte Stadt",0,"Ganze Stadt",2017,423310,9188.1,6490.8,3804.9,46.1,65.2,111.3
"Gesamte Stadt",0,"Ganze Stadt",2018,428737,9188.1,6491.9,3812.1,46.7,66,112.5
"Gesamte Stadt",0,"Ganze Stadt",2019,434008,9189.1,6493,3806.7,47.2,66.8,114
"Gesamte Stadt",0,"Ganze Stadt",2020,434736,9188.1,6492.6,3802.7,47.3,67,114.3
"Gesamte Stadt",0,"Ganze Stadt",2021,436332,9188.1,6492.9,3798.6,47.5,67.2,114.9
"Gesamte Stadt",0,"Ganze Stadt",2022,443037,9188.1,6492.9,3796.4,48.2,68.2,116.7
"Stadtkreis",10,"Kreis 1",2009,5576,180,155.8,88,31,35.8,63.4
"Stadtkreis",10,"Kreis 1",2010,5563,180,155.8,88.6,30.9,35.7,62.8
"Stadtkreis",10,"Kreis 1",2011,5550,197.2,171.3,95.5,28.1,32.4,58.1
"Stadtkreis",10,"Kreis 1",2012,5571,180,155.4,90.1,30.9,35.8,61.8
"Stadtkreis",10,"Kreis 1",2013,5565,180,155.4,90.2,30.9,35.8,61.7
"Stadtkreis",10,"Kreis 1",2014,5616,180,155.4,89.9,31.2,36.1,62.5
"Stadtkreis",10,"Kreis 1",2015,5617,180,154.9,89.3,31.2,36.3,62.9
"Stadtkreis",10,"Kreis 1",2016,5648,180,154.9,86.9,31.4,36.5,65
"Stadtkreis",10,"Kreis 1",2017,5728,180,154.9,87,31.8,37,65.9
"Stadtkreis",10,"Kreis 1",2018,5750,180,154.9,87,31.9,37.1,66.1
"Stadtkreis",10,"Kreis 1",2019,5791,180,154.9,87,32.2,37.4,66.6
"Stadtkreis",10,"Kreis 1",2020,5831,180,154.9,87,32.4,37.6,67
"Stadtkreis",10,"Kreis 1",2021,5817,180,154.9,87,32.3,37.5,66.9
"Stadtkreis",10,"Kreis 1",2022,5860,180,154.9,87,32.6,37.8,67.4
"Stadtkreis",20,"Kreis 2",2009,29809,1106.6,685.6,363.5,26.9,43.5,82
"Stadtkreis",20,"Kreis 2",2010,29878,1106.6,682.8,362.3,27,43.8,82.5
"Stadtkreis",20,"Kreis 2",2011,30079,1045.1,675,352.9,28.8,44.6,85.2
"Stadtkreis",20,"Kreis 2",2012,30085,1106.6,682.8,363.3,27.2,44.1,82.8
"Stadtkreis",20,"Kreis 2",2013,30503,1106.6,682.6,363,27.6,44.7,84
"Stadtkreis",20,"Kreis 2",2014,31156,1106.6,682.7,363.1,28.2,45.6,85.8
"Stadtkreis",20,"Kreis 2",2015,31603,1106.6,682.3,364.2,28.6,46.3,86.8
"Stadtkreis",20,"Kreis 2",2016,32162,1106.6,679.4,361.1,29.1,47.3,89.1
"Stadtkreis",20,"Kreis 2",2017,33593,1106.6,679,360.6,30.4,49.5,93.2
"Stadtkreis",20,"Kreis 2",2018,34877,1106.6,676,359.4,31.5,51.6,97
"Stadtkreis",20,"Kreis 2",2019,35035,1106.6,676,357.9,31.7,51.8,97.9
"Stadtkreis",20,"Kreis 2",2020,35552,1106.6,676,356.4,32.1,52.6,99.7
"Stadtkreis",20,"Kreis 2",2021,36025,1106.6,675.9,356.5,32.6,53.3,101.1
"Stadtkreis",20,"Kreis 2",2022,37049,1106.6,675.9,355.9,33.5,54.8,104.1
"Stadtkreis",30,"Kreis 3",2009,46971,865.1,585.6,341.9,54.3,80.2,137.4
"Stadtkreis",30,"Kreis 3",2010,46699,865.1,584.9,339.7,54,79.8,137.5
"Stadtkreis",30,"Kreis 3",2011,46943,871.7,591.5,346.8,53.9,79.4,135.4
"Stadtkreis",30,"Kreis 3",2012,47926,865.1,584.8,338.9,55.4,81.9,141.4
"Stadtkreis",30,"Kreis 3",2013,48333,865.1,583.9,339.2,55.9,82.8,142.5
"Stadtkreis",30,"Kreis 3",2014,48808,865.1,583.8,340.3,56.4,83.6,143.4
"Stadtkreis",30,"Kreis 3",2015,49195,865.1,583.6,345,56.9,84.3,142.6
"Stadtkreis",30,"Kreis 3",2016,49500,865.1,583.4,344.5,57.2,84.8,143.7
"Stadtkreis",30,"Kreis 3",2017,50042,865.1,583.9,348.5,57.8,85.7,143.6
"Stadtkreis",30,"Kreis 3",2018,50569,865.1,582.6,349.9,58.5,86.8,144.5
"Stadtkreis",30,"Kreis 3",2019,51122,865.1,582.7,349.1,59.1,87.7,146.4
"Stadtkreis",30,"Kreis 3",2020,50756,865.1,582.8,348.9,58.7,87.1,145.5
"Stadtkreis",30,"Kreis 3",2021,50104,865.1,582.8,348.8,57.9,86,143.6
"Stadtkreis",30,"Kreis 3",2022,50582,865.1,582.8,348.8,58.5,86.8,145
"Stadtkreis",40,"Kreis 4",2009,27398,280,276.1,149.2,97.8,99.2,183.6
"Stadtkreis",40,"Kreis 4",2010,27429,280,276.1,149.2,97.9,99.3,183.9
"Stadtkreis",40,"Kreis 4",2011,27453,280.9,279.1,152.1,97.7,98.4,180.4
"Stadtkreis",40,"Kreis 4",2012,27749,290.9,287,151.8,95.4,96.7,182.8
"Stadtkreis",40,"Kreis 4",2013,28115,290.9,287,152.1,96.6,97.9,184.8
"Stadtkreis",40,"Kreis 4",2014,28645,290.9,287,152.6,98.5,99.8,187.7
"Stadtkreis",40,"Kreis 4",2015,28701,290.9,286.8,152.7,98.7,100.1,187.9
"Stadtkreis",40,"Kreis 4",2016,28630,290.9,286.8,152,98.4,99.8,188.4
"Stadtkreis",40,"Kreis 4",2017,28775,290.6,286.5,153.1,99,100.4,187.9
"Stadtkreis",40,"Kreis 4",2018,28729,290.6,286.5,153.2,98.9,100.3,187.6
"Stadtkreis",40,"Kreis 4",2019,29368,290.6,286.5,154.6,101.1,102.5,189.9
"Stadtkreis",40,"Kreis 4",2020,29034,290.6,286.5,154.1,99.9,101.3,188.4
"Stadtkreis",40,"Kreis 4",2021,29023,290.6,286.5,154.3,99.9,101.3,188.1
"Stadtkreis",40,"Kreis 4",2022,29672,290.6,286.5,153.1,102.1,103.6,193.8
"Stadtkreis",50,"Kreis 5",2009,12777,208.9,197.2,135.6,61.2,64.8,94.3
"Stadtkreis",50,"Kreis 5",2010,12764,208.9,197.2,135.6,61.1,64.7,94.1
"Stadtkreis",50,"Kreis 5",2011,12924,208.9,197.2,135.7,61.9,65.5,95.3
"Stadtkreis",50,"Kreis 5",2012,13167,199.3,187.9,132.6,66.1,70.1,99.3
"Stadtkreis",50,"Kreis 5",2013,13636,199.3,187.9,132.6,68.4,72.6,102.8
"Stadtkreis",50,"Kreis 5",2014,14143,199.3,187.9,132.7,71,75.3,106.6
"Stadtkreis",50,"Kreis 5",2015,15065,199.3,187.4,132.5,75.6,80.4,113.7
"Stadtkreis",50,"Kreis 5",2016,15423,199.3,187.2,132.4,77.4,82.4,116.5
"Stadtkreis",50,"Kreis 5",2017,15666,199.7,187.6,132.6,78.5,83.5,118.1
"Stadtkreis",50,"Kreis 5",2018,15579,199.7,187.4,130.1,78,83.1,119.7
"Stadtkreis",50,"Kreis 5",2019,15750,199.7,187.4,129.9,78.9,84,121.3
"Stadtkreis",50,"Kreis 5",2020,15622,199.7,187.4,128.7,78.2,83.4,121.4
"Stadtkreis",50,"Kreis 5",2021,15804,199.7,187.4,128.7,79.2,84.3,122.8
"Stadtkreis",50,"Kreis 5",2022,15888,199.7,187.4,128.2,79.6,84.8,123.9
"Stadtkreis",60,"Kreis 6",2009,31131,511.2,404.9,263.9,60.9,76.9,118
"Stadtkreis",60,"Kreis 6",2010,31464,511.3,405,264.1,61.5,77.7,119.2
"Stadtkreis",60,"Kreis 6",2011,31556,508.1,401.8,261.7,62.1,78.5,120.6
"Stadtkreis",60,"Kreis 6",2012,31750,510.1,403.9,264.2,62.2,78.6,120.2
"Stadtkreis",60,"Kreis 6",2013,32328,510.1,403.9,266.1,63.4,80,121.5
"Stadtkreis",60,"Kreis 6",2014,32682,510.1,403.9,266.1,64.1,80.9,122.8
"Stadtkreis",60,"Kreis 6",2015,32867,510.1,403.1,266,64.4,81.5,123.6
"Stadtkreis",60,"Kreis 6",2016,33270,510.1,402.9,266.5,65.2,82.6,124.8
"Stadtkreis",60,"Kreis 6",2017,33614,510.1,401.7,266.8,65.9,83.7,126
"Stadtkreis",60,"Kreis 6",2018,34321,510.1,401.8,267.2,67.3,85.4,128.5
"Stadtkreis",60,"Kreis 6",2019,34794,510.1,401.8,266.2,68.2,86.6,130.7
"Stadtkreis",60,"Kreis 6",2020,35317,510.1,401.8,266.1,69.2,87.9,132.7
"Stadtkreis",60,"Kreis 6",2021,35355,510.1,401.8,266.5,69.3,88,132.7
"Stadtkreis",60,"Kreis 6",2022,35862,510.1,401.8,266.5,70.3,89.3,134.6
"Stadtkreis",70,"Kreis 7",2009,35362,1501.7,857.2,479.4,23.5,41.3,73.8
"Stadtkreis",70,"Kreis 7",2010,35447,1501.7,857.3,479.5,23.6,41.3,73.9
"Stadtkreis",70,"Kreis 7",2011,35616,1501,857.9,480.1,23.7,41.5,74.2
"Stadtkreis",70,"Kreis 7",2012,35603,1501.7,857.4,482.5,23.7,41.5,73.8
"Stadtkreis",70,"Kreis 7",2013,36116,1501.7,857.3,482.8,24.1,42.1,74.8
"Stadtkreis",70,"Kreis 7",2014,36556,1501.7,857.2,483.3,24.3,42.6,75.6
"Stadtkreis",70,"Kreis 7",2015,37053,1501.7,856.2,484.6,24.7,43.3,76.5
"Stadtkreis",70,"Kreis 7",2016,37139,1501.7,855.4,488,24.7,43.4,76.1
"Stadtkreis",70,"Kreis 7",2017,37458,1501.7,852.7,488,24.9,43.9,76.8
"Stadtkreis",70,"Kreis 7",2018,38191,1501.7,855,491.1,25.4,44.7,77.8
"Stadtkreis",70,"Kreis 7",2019,38584,1502.7,856.1,489.3,25.7,45.1,78.9
"Stadtkreis",70,"Kreis 7",2020,38629,1501.7,855,489.2,25.7,45.2,79
"Stadtkreis",70,"Kreis 7",2021,38663,1501.7,854.8,485.4,25.7,45.2,79.7
"Stadtkreis",70,"Kreis 7",2022,39301,1501.7,854.8,485.6,26.2,46,80.9
"Stadtkreis",80,"Kreis 8",2009,15212,480.7,288.5,178.8,31.6,52.7,85.1
"Stadtkreis",80,"Kreis 8",2010,15518,480.7,288.5,178.7,32.3,53.8,86.8
"Stadtkreis",80,"Kreis 8",2011,15501,463.9,271.9,174.5,33.4,57,88.8
"Stadtkreis",80,"Kreis 8",2012,15444,480.7,288.5,178.5,32.1,53.5,86.5
"Stadtkreis",80,"Kreis 8",2013,15912,480.7,288.5,177.6,33.1,55.2,89.6
"Stadtkreis",80,"Kreis 8",2014,16178,480.7,288.6,178.2,33.7,56.1,90.8
"Stadtkreis",80,"Kreis 8",2015,16192,480.7,288.6,178.3,33.7,56.1,90.8
"Stadtkreis",80,"Kreis 8",2016,16213,480.7,288.4,181.6,33.7,56.2,89.3
"Stadtkreis",80,"Kreis 8",2017,16541,480.7,288.4,181,34.4,57.4,91.4
"Stadtkreis",80,"Kreis 8",2018,16788,480.7,288.4,185.5,34.9,58.2,90.5
"Stadtkreis",80,"Kreis 8",2019,17060,480.6,288.3,185.5,35.5,59.2,92
"Stadtkreis",80,"Kreis 8",2020,17456,480.6,288.3,185.4,36.3,60.5,94.2
"Stadtkreis",80,"Kreis 8",2021,17818,480.6,288.3,185.3,37.1,61.8,96.1
"Stadtkreis",80,"Kreis 8",2022,17814,480.6,288.1,185.4,37.1,61.8,96.1
"Stadtkreis",90,"Kreis 9",2009,47520,1207,841.2,528.2,39.4,56.5,90
"Stadtkreis",90,"Kreis 9",2010,48494,1207,841.2,528.2,40.2,57.6,91.8
"Stadtkreis",90,"Kreis 9",2011,49813,1207.2,841.4,528.2,41.3,59.2,94.3
"Stadtkreis",90,"Kreis 9",2012,50437,1205.7,839.5,529.4,41.8,60.1,95.3
"Stadtkreis",90,"Kreis 9",2013,50261,1205.7,839.9,528.2,41.7,59.8,95.1
"Stadtkreis",90,"Kreis 9",2014,50685,1205.7,839.9,531,42,60.3,95.5
"Stadtkreis",90,"Kreis 9",2015,51328,1205.7,839.8,529,42.6,61.1,97
"Stadtkreis",90,"Kreis 9",2016,52898,1205.7,838.2,536.5,43.9,63.1,98.6
"Stadtkreis",90,"Kreis 9",2017,54716,1205.7,836.9,534.3,45.4,65.4,102.4
"Stadtkreis",90,"Kreis 9",2018,55765,1205.7,837.6,533.1,46.3,66.6,104.6
"Stadtkreis",90,"Kreis 9",2019,56637,1205.7,837.6,533.9,47,67.6,106.1
"Stadtkreis",90,"Kreis 9",2020,56462,1205.7,837.6,533.7,46.8,67.4,105.8
"Stadtkreis",90,"Kreis 9",2021,57077,1205.7,837.6,533.2,47.3,68.1,107.1
"Stadtkreis",90,"Kreis 9",2022,58517,1205.7,837.6,532.9,48.5,69.9,109.8
"Stadtkreis",100,"Kreis 10",2009,36939,907.4,619.3,349.8,40.7,59.6,105.6
"Stadtkreis",100,"Kreis 10",2010,36879,907.4,619.3,349.6,40.6,59.6,105.5
"Stadtkreis",100,"Kreis 10",2011,37192,962.6,620.6,349.6,38.6,59.9,106.4
"Stadtkreis",100,"Kreis 10",2012,37328,908.6,621.6,349.8,41.1,60.1,106.7
"Stadtkreis",100,"Kreis 10",2013,37416,908.5,620.4,349.5,41.2,60.3,107.1
"Stadtkreis",100,"Kreis 10",2014,37543,908.5,620.5,349.6,41.3,60.5,107.4
"Stadtkreis",100,"Kreis 10",2015,38199,908.6,618.5,350.1,42,61.8,109.1
"Stadtkreis",100,"Kreis 10",2016,39564,908.6,618.7,352.7,43.5,64,112.2
"Stadtkreis",100,"Kreis 10",2017,40341,908.6,616.6,354.5,44.4,65.4,113.8
"Stadtkreis",100,"Kreis 10",2018,40341,908.6,616.9,355.7,44.4,65.4,113.4
"Stadtkreis",100,"Kreis 10",2019,40832,908.6,616.8,354.2,44.9,66.2,115.3
"Stadtkreis",100,"Kreis 10",2020,41044,908.6,616.8,354.3,45.2,66.5,115.8
"Stadtkreis",100,"Kreis 10",2021,41017,908.6,616.8,354.1,45.1,66.5,115.8
"Stadtkreis",100,"Kreis 10",2022,41505,908.6,616.9,354.1,45.7,67.3,117.2
"Stadtkreis",110,"Kreis 11",2009,64612,1342.9,1189.3,612.7,48.1,54.3,105.5
"Stadtkreis",110,"Kreis 11",2010,65796,1342.8,1189.3,613.1,49,55.3,107.3
"Stadtkreis",110,"Kreis 11",2011,67945,1344.9,1189.3,615.1,50.5,57.1,110.5
"Stadtkreis",110,"Kreis 11",2012,69496,1342.9,1189.8,621.1,51.8,58.4,111.9
"Stadtkreis",110,"Kreis 11",2013,70748,1342.8,1189.8,620.8,52.7,59.5,114
"Stadtkreis",110,"Kreis 11",2014,72228,1342.9,1189.8,621.3,53.8,60.7,116.2
"Stadtkreis",110,"Kreis 11",2015,72831,1342.9,1188.7,622.8,54.2,61.3,116.9
"Stadtkreis",110,"Kreis 11",2016,73413,1342.9,1181.7,624.7,54.7,62.1,117.5
"Stadtkreis",110,"Kreis 11",2017,74809,1342.9,1181.6,626.4,55.7,63.3,119.4
"Stadtkreis",110,"Kreis 11",2018,75344,1342.9,1183.6,627.1,56.1,63.7,120.2
"Stadtkreis",110,"Kreis 11",2019,75804,1342.9,1183.7,627.2,56.4,64,120.9
"Stadtkreis",110,"Kreis 11",2020,76188,1342.9,1184.3,626.9,56.7,64.3,121.5
"Stadtkreis",110,"Kreis 11",2021,76975,1342.9,1185,626.9,57.3,65,122.8
"Stadtkreis",110,"Kreis 11",2022,78034,1342.9,1185,627,58.1,65.9,124.5
"Stadtkreis",120,"Kreis 12",2009,29599,596.7,425.4,268.6,49.6,69.6,110.2
"Stadtkreis",120,"Kreis 12",2010,29537,596.7,425.1,267.5,49.5,69.5,110.4
"Stadtkreis",120,"Kreis 12",2011,29510,596.7,425,267.4,49.5,69.4,110.4
"Stadtkreis",120,"Kreis 12",2012,29456,596.6,425,267.8,49.4,69.3,110
"Stadtkreis",120,"Kreis 12",2013,29642,596.6,425.1,268.6,49.7,69.7,110.4
"Stadtkreis",120,"Kreis 12",2014,30543,596.6,425.1,268.7,51.2,71.8,113.7
"Stadtkreis",120,"Kreis 12",2015,31753,596.6,424,269.2,53.2,74.9,117.9
"Stadtkreis",120,"Kreis 12",2016,31822,596.6,422.5,272.2,53.3,75.3,116.9
"Stadtkreis",120,"Kreis 12",2017,32027,596.6,421,272.1,53.7,76.1,117.7
"Stadtkreis",120,"Kreis 12",2018,32483,596.6,421.2,272.8,54.4,77.1,119.1
"Stadtkreis",120,"Kreis 12",2019,33231,596.6,421.3,272,55.7,78.9,122.2
"Stadtkreis",120,"Kreis 12",2020,32845,596.6,421.3,272,55.1,78,120.8
"Stadtkreis",120,"Kreis 12",2021,32654,596.6,421.3,271.9,54.7,77.5,120.1
"Stadtkreis",120,"Kreis 12",2022,32953,596.6,421.3,272,55.2,78.2,121.1
"Stadtquartier",11,"Rathaus",2009,3110,35.7,27.5,17.9,87.1,113,174.1
"Stadtquartier",11,"Rathaus",2010,3099,35.7,27.5,17.9,86.8,112.6,173.4
"Stadtquartier",11,"Rathaus",2011,3140,47.7,39.2,21.8,65.9,80.2,144.2
"Stadtquartier",11,"Rathaus",2012,3164,35.7,27.5,17.8,88.6,115.1,177.3
"Stadtquartier",11,"Rathaus",2013,3194,35.7,27.5,17.8,89.4,116.2,179
"Stadtquartier",11,"Rathaus",2014,3236,35.7,27.5,17.8,90.6,117.8,181.4
"Stadtquartier",11,"Rathaus",2015,3197,35.7,27.4,17.8,89.5,116.5,179.2
"Stadtquartier",11,"Rathaus",2016,3226,35.7,27.4,17.8,90.3,117.6,180.8
"Stadtquartier",11,"Rathaus",2017,3266,35.7,27.4,18,91.5,119,181.8
"Stadtquartier",11,"Rathaus",2018,3267,35.7,27.4,18,91.5,119,181.9
"Stadtquartier",11,"Rathaus",2019,3307,35.7,27.4,18,92.6,120.5,184.1
"Stadtquartier",11,"Rathaus",2020,3317,35.7,27.4,18,92.9,120.9,184.7
"Stadtquartier",11,"Rathaus",2021,3275,35.7,27.4,18,91.7,119.3,182.3
"Stadtquartier",11,"Rathaus",2022,3330,35.7,27.4,18,93.2,121.3,185.4
"Stadtquartier",12,"Hochschulen",2009,673,58.1,46,26.7,11.6,14.6,25.2
"Stadtquartier",12,"Hochschulen",2010,678,58.1,46,26.7,11.7,14.7,25.3
"Stadtquartier",12,"Hochschulen",2011,681,58,45.8,26.8,11.7,14.9,25.5
"Stadtquartier",12,"Hochschulen",2012,673,58.1,46,27.3,11.6,14.6,24.7
"Stadtquartier",12,"Hochschulen",2013,665,58.1,46,27.3,11.4,14.5,24.4
"Stadtquartier",12,"Hochschulen",2014,634,58.1,46,27.5,10.9,13.8,23.1
"Stadtquartier",12,"Hochschulen",2015,641,58.1,46,27.5,11,13.9,23.3
"Stadtquartier",12,"Hochschulen",2016,640,58.1,46,25.9,11,13.9,24.7
"Stadtquartier",12,"Hochschulen",2017,677,58.1,46,26,11.6,14.7,26.1
"Stadtquartier",12,"Hochschulen",2018,664,58.1,46,26,11.4,14.4,25.6
"Stadtquartier",12,"Hochschulen",2019,678,58.1,46,26,11.7,14.8,26.1
"Stadtquartier",12,"Hochschulen",2020,675,58.1,46,26,11.6,14.7,26
"Stadtquartier",12,"Hochschulen",2021,701,58.1,46,26,12.1,15.3,27
"Stadtquartier",12,"Hochschulen",2022,676,58.1,46,25.9,11.6,14.7,26.1
"Stadtquartier",13,"Lindenhof",2009,940,26.5,26.5,14,35.5,35.5,67.2
"Stadtquartier",13,"Lindenhof",2010,951,26.5,26.5,14.6,35.9,35.9,65.3
"Stadtquartier",13,"Lindenhof",2011,950,31.9,30.6,17.6,29.7,31.1,54
"Stadtquartier",13,"Lindenhof",2012,935,26.5,26.5,14.5,35.3,35.3,64.6
"Stadtquartier",13,"Lindenhof",2013,923,26.5,26.5,14.5,34.8,34.8,63.8
"Stadtquartier",13,"Lindenhof",2014,955,26.7,26.7,14.3,35.8,35.8,66.6
"Stadtquartier",13,"Lindenhof",2015,974,26.7,26.7,13.7,36.5,36.5,71.3
"Stadtquartier",13,"Lindenhof",2016,972,26.7,26.7,13.1,36.5,36.5,74.5
"Stadtquartier",13,"Lindenhof",2017,955,26.7,26.7,13.1,35.8,35.8,73.2
"Stadtquartier",13,"Lindenhof",2018,990,26.7,26.7,13.1,37.1,37.1,75.8
"Stadtquartier",13,"Lindenhof",2019,1009,26.7,26.7,13.1,37.9,37.9,77.3
"Stadtquartier",13,"Lindenhof",2020,1010,26.7,26.7,13.1,37.9,37.9,77.4
"Stadtquartier",13,"Lindenhof",2021,1024,26.7,26.6,13.1,38.4,38.4,78.4
"Stadtquartier",13,"Lindenhof",2022,1034,26.7,26.6,13.1,38.8,38.8,79.2
"Stadtquartier",14,"City",2009,853,59.6,55.7,29.4,14.3,15.3,29
"Stadtquartier",14,"City",2010,835,59.6,55.7,29.4,14,15,28.4
"Stadtquartier",14,"City",2011,779,59.6,55.7,29.4,13.1,14,26.5
"Stadtquartier",14,"City",2012,799,59.6,55.5,30.5,13.4,14.4,26.2
"Stadtquartier",14,"City",2013,783,59.6,55.5,30.6,13.1,14.1,25.6
"Stadtquartier",14,"City",2014,791,59.5,55.3,30.2,13.3,14.3,26.2
"Stadtquartier",14,"City",2015,805,59.5,54.9,30.3,13.5,14.7,26.6
"Stadtquartier",14,"City",2016,810,59.5,54.9,30.1,13.6,14.8,26.9
"Stadtquartier",14,"City",2017,830,59.5,54.9,30,13.9,15.1,27.7
"Stadtquartier",14,"City",2018,829,59.5,54.9,30,13.9,15.1,27.6
"Stadtquartier",14,"City",2019,797,59.5,54.9,30,13.4,14.5,26.6
"Stadtquartier",14,"City",2020,829,59.5,54.9,30,13.9,15.1,27.6
"Stadtquartier",14,"City",2021,817,59.5,54.9,30,13.7,14.9,27.2
"Stadtquartier",14,"City",2022,820,59.5,54.9,30,13.8,14.9,27.3
"Stadtquartier",21,"Wollishofen",2009,15854,573.6,350.9,198,27.6,45.2,80.1
"Stadtquartier",21,"Wollishofen",2010,15988,573.6,348.3,198.2,27.9,45.9,80.7
"Stadtquartier",21,"Wollishofen",2011,16055,524.1,352.4,199.7,30.6,45.6,80.4
"Stadtquartier",21,"Wollishofen",2012,16029,573.6,348.4,198.3,27.9,46,80.8
"Stadtquartier",21,"Wollishofen",2013,15937,573.6,348.4,198.4,27.8,45.7,80.3
"Stadtquartier",21,"Wollishofen",2014,16137,573.6,348.4,198.5,28.1,46.3,81.3
"Stadtquartier",21,"Wollishofen",2015,16244,578.1,352.3,201.6,28.1,46.1,80.6
"Stadtquartier",21,"Wollishofen",2016,16567,578.1,350,201.2,28.7,47.3,82.4
"Stadtquartier",21,"Wollishofen",2017,17892,578.1,349.9,201,31,51.1,89
"Stadtquartier",21,"Wollishofen",2018,18923,578.1,347.2,200.2,32.7,54.5,94.5
"Stadtquartier",21,"Wollishofen",2019,19225,578.1,347.2,198.8,33.3,55.4,96.7
"Stadtquartier",21,"Wollishofen",2020,19757,578.1,347.2,197.3,34.2,56.9,100.1
"Stadtquartier",21,"Wollishofen",2021,19937,578.1,347.2,197.2,34.5,57.4,101.1
"Stadtquartier",21,"Wollishofen",2022,20570,578.1,347.2,196.6,35.6,59.2,104.6
"Stadtquartier",23,"Leimbach",2009,5287,292.1,157.6,58.4,18.1,33.5,90.5
"Stadtquartier",23,"Leimbach",2010,5293,292.1,157.4,57.1,18.1,33.6,92.7
"Stadtquartier",23,"Leimbach",2011,5340,280.1,145.5,46.2,19.1,36.7,115.6
"Stadtquartier",23,"Leimbach",2012,5354,292,157.3,57.2,18.3,34,93.6
"Stadtquartier",23,"Leimbach",2013,5730,292,157.1,57.2,19.6,36.5,100.2
"Stadtquartier",23,"Leimbach",2014,5936,292,157.1,57.3,20.3,37.8,103.6
"Stadtquartier",23,"Leimbach",2015,6102,292,157,57.6,20.9,38.9,105.9
"Stadtquartier",23,"Leimbach",2016,6173,292,156.8,58.3,21.1,39.4,106
"Stadtquartier",23,"Leimbach",2017,6212,292,156.7,57.9,21.3,39.7,107.2
"Stadtquartier",23,"Leimbach",2018,6320,292,156.3,57.7,21.6,40.4,109.5
"Stadtquartier",23,"Leimbach",2019,6152,292,156.3,57.7,21.1,39.3,106.7
"Stadtquartier",23,"Leimbach",2020,6140,292,156.3,57.7,21,39.3,106.5
"Stadtquartier",23,"Leimbach",2021,6338,292,156.3,57.8,21.7,40.5,109.7
"Stadtquartier",23,"Leimbach",2022,6462,292,156.3,57.8,22.1,41.3,111.9
"Stadtquartier",24,"Enge",2009,8668,240.9,177.1,107.1,36,48.9,81
"Stadtquartier",24,"Enge",2010,8597,240.9,177.1,107,35.7,48.5,80.3
"Stadtquartier",24,"Enge",2011,8684,240.9,177.1,107,36,49,81.1
"Stadtquartier",24,"Enge",2012,8702,240.9,177.1,107.8,36.1,49.1,80.8
"Stadtquartier",24,"Enge",2013,8836,240.9,177.1,107.4,36.7,49.9,82.3
"Stadtquartier",24,"Enge",2014,9083,240.9,177.2,107.4,37.7,51.3,84.6
"Stadtquartier",24,"Enge",2015,9257,236.5,173,105,39.1,53.5,88.2
"Stadtquartier",24,"Enge",2016,9422,236.5,172.5,101.7,39.8,54.6,92.7
"Stadtquartier",24,"Enge",2017,9489,236.5,172.5,101.7,40.1,55,93.3
"Stadtquartier",24,"Enge",2018,9634,236.5,172.4,101.5,40.7,55.9,94.9
"Stadtquartier",24,"Enge",2019,9658,236.5,172.4,101.5,40.8,56,95.1
"Stadtquartier",24,"Enge",2020,9655,236.5,172.4,101.5,40.8,56,95.2
"Stadtquartier",24,"Enge",2021,9750,236.5,172.3,101.5,41.2,56.6,96.1
"Stadtquartier",24,"Enge",2022,10017,236.5,172.4,101.5,42.4,58.1,98.7
"Stadtquartier",31,"Alt-Wiedikon",2009,15504,184.6,177.9,119,84,87.1,130.3
"Stadtquartier",31,"Alt-Wiedikon",2010,15988,184.6,177.9,119.1,86.6,89.9,134.3
"Stadtquartier",31,"Alt-Wiedikon",2011,16014,191.3,184.6,126.2,83.7,86.7,126.9
"Stadtquartier",31,"Alt-Wiedikon",2012,16109,184.6,177.9,118.4,87.3,90.5,136.1
"Stadtquartier",31,"Alt-Wiedikon",2013,16706,183.6,177,118.4,91,94.4,141.1
"Stadtquartier",31,"Alt-Wiedikon",2014,16918,170.5,163.9,118.9,99.2,103.2,142.3
"Stadtquartier",31,"Alt-Wiedikon",2015,17158,169.2,162.3,120.5,101.4,105.7,142.4
"Stadtquartier",31,"Alt-Wiedikon",2016,17321,169.2,161.9,120.3,102.3,107,143.9
"Stadtquartier",31,"Alt-Wiedikon",2017,17522,169.2,161.9,121.4,103.5,108.2,144.3
"Stadtquartier",31,"Alt-Wiedikon",2018,17956,169.2,161.7,121.2,106.1,111,148.1
"Stadtquartier",31,"Alt-Wiedikon",2019,17874,169.3,161.7,121.1,105.6,110.5,147.6
"Stadtquartier",31,"Alt-Wiedikon",2020,17764,169.2,161.7,121.1,105,109.8,146.7
"Stadtquartier",31,"Alt-Wiedikon",2021,17631,169.2,161.7,121,104.2,109,145.7
"Stadtquartier",31,"Alt-Wiedikon",2022,18079,169.2,161.7,121,106.8,111.8,149.4
"Stadtquartier",33,"Friesenberg",2009,11003,516.7,244.7,127.2,21.3,45,86.5
"Stadtquartier",33,"Friesenberg",2010,10596,516.7,244,124.9,20.5,43.4,84.8
"Stadtquartier",33,"Friesenberg",2011,10622,516.7,244,124.9,20.6,43.5,85
"Stadtquartier",33,"Friesenberg",2012,10986,516.7,243.9,124.9,21.3,45,88
"Stadtquartier",33,"Friesenberg",2013,10696,516.1,242.4,125.1,20.7,44.1,85.5
"Stadtquartier",33,"Friesenberg",2014,10695,529.7,256,125.7,20.2,41.8,85.1
"Stadtquartier",33,"Friesenberg",2015,10698,529.7,255.9,127.9,20.2,41.8,83.6
"Stadtquartier",33,"Friesenberg",2016,11002,529.7,256.1,128.4,20.8,43,85.7
"Stadtquartier",33,"Friesenberg",2017,10860,529.7,256.7,130.2,20.5,42.3,83.4
"Stadtquartier",33,"Friesenberg",2018,10933,529.7,255.6,131.9,20.6,42.8,82.9
"Stadtquartier",33,"Friesenberg",2019,11107,529.7,255.7,131.8,21,43.4,84.3
"Stadtquartier",33,"Friesenberg",2020,11071,529.7,255.7,131.5,20.9,43.3,84.2
"Stadtquartier",33,"Friesenberg",2021,10957,529.7,255.7,131.5,20.7,42.9,83.3
"Stadtquartier",33,"Friesenberg",2022,10861,529.7,255.7,131.5,20.5,42.5,82.6
"Stadtquartier",34,"Sihlfeld",2009,20464,163.8,163,95.7,124.9,125.6,213.9
"Stadtquartier",34,"Sihlfeld",2010,20115,163.8,163,95.7,122.8,123.4,210.2
"Stadtquartier",34,"Sihlfeld",2011,20307,163.7,162.9,95.7,124,124.7,212.2
"Stadtquartier",34,"Sihlfeld",2012,20831,163.8,163,95.7,127.1,127.8,217.8
"Stadtquartier",34,"Sihlfeld",2013,20931,165.3,164.5,95.8,126.6,127.3,218.6
"Stadtquartier",34,"Sihlfeld",2014,21195,164.8,164,95.8,128.6,129.3,221.3
"Stadtquartier",34,"Sihlfeld",2015,21339,166.1,165.3,96.5,128.5,129.1,221
"Stadtquartier",34,"Sihlfeld",2016,21177,166.1,165.3,95.8,127.5,128.1,221.1
"Stadtquartier",34,"Sihlfeld",2017,21660,166.1,165.3,96.9,130.4,131,223.5
"Stadtquartier",34,"Sihlfeld",2018,21680,166.1,165.4,96.9,130.5,131.1,223.8
"Stadtquartier",34,"Sihlfeld",2019,22141,166.1,165.4,96.3,133.3,133.9,229.9
"Stadtquartier",34,"Sihlfeld",2020,21921,166.1,165.4,96.3,132,132.6,227.7
"Stadtquartier",34,"Sihlfeld",2021,21516,166.1,165.4,96.3,129.5,130.1,223.5
"Stadtquartier",34,"Sihlfeld",2022,21642,166.1,165.4,96.2,130.3,130.9,224.9
"Stadtquartier",41,"Werd",2009,4104,29.9,28.5,17.9,137.2,144,229.5
"Stadtquartier",41,"Werd",2010,4167,29.9,28.5,17.8,139.4,146.2,233.6
"Stadtquartier",41,"Werd",2011,4189,29.9,28.5,17.8,140.1,147,234.8
"Stadtquartier",41,"Werd",2012,4195,29.9,28.5,17.9,140.3,147.2,234.2
"Stadtquartier",41,"Werd",2013,4188,29.9,28.5,17.9,140.1,146.9,233.8
"Stadtquartier",41,"Werd",2014,4428,30.2,28.5,17.9,146.4,155.5,247.8
"Stadtquartier",41,"Werd",2015,4460,30.2,28.3,18.4,147.5,157.8,242.2
"Stadtquartier",41,"Werd",2016,4594,30.2,28.3,18.4,151.9,162.5,250.1
"Stadtquartier",41,"Werd",2017,4574,30.2,28.3,18.4,151.3,161.8,249
"Stadtquartier",41,"Werd",2018,4455,30.2,28.3,18.4,147.3,157.6,242.7
"Stadtquartier",41,"Werd",2019,4455,30.2,28.3,18.4,147.3,157.6,242.6
"Stadtquartier",41,"Werd",2020,4570,30.2,28.3,18.5,151.1,161.7,247.2
"Stadtquartier",41,"Werd",2021,4574,30.2,28.3,18.5,151.3,161.8,247.4
"Stadtquartier",41,"Werd",2022,4515,30.2,28.3,18.5,149.3,159.7,244.3
"Stadtquartier",42,"Langstrasse",2009,10392,113.4,110.9,54.2,91.6,93.7,191.8
"Stadtquartier",42,"Langstrasse",2010,10379,113.4,110.9,54.2,91.5,93.6,191.4
"Stadtquartier",42,"Langstrasse",2011,10520,111.3,110.9,54.6,94.5,94.8,192.8
"Stadtquartier",42,"Langstrasse",2012,10560,113.8,111.3,55.1,92.8,94.9,191.6
"Stadtquartier",42,"Langstrasse",2013,10686,113.8,111.3,55.1,93.9,96,193.9
"Stadtquartier",42,"Langstrasse",2014,10985,113.4,111.3,54.1,96.8,98.7,203
"Stadtquartier",42,"Langstrasse",2015,11169,121.5,119.4,56.1,91.9,93.5,199.2
"Stadtquartier",42,"Langstrasse",2016,11145,121.5,119.4,56,91.7,93.3,199.1
"Stadtquartier",42,"Langstrasse",2017,11144,121.2,119.1,56.3,92,93.6,197.9
"Stadtquartier",42,"Langstrasse",2018,11111,121.2,119.1,56.3,91.7,93.3,197.3
"Stadtquartier",42,"Langstrasse",2019,11853,121.2,119.1,56.3,97.8,99.6,210.5
"Stadtquartier",42,"Langstrasse",2020,11910,121.2,119.1,55.7,98.3,100,213.9
"Stadtquartier",42,"Langstrasse",2021,11815,121.2,119.1,55.9,97.5,99.2,211.4
"Stadtquartier",42,"Langstrasse",2022,11977,121.2,119.1,54.7,98.8,100.6,219
"Stadtquartier",44,"Hard",2009,12902,136.7,136.7,77.1,94.4,94.4,167.3
"Stadtquartier",44,"Hard",2010,12883,136.7,136.7,77.1,94.2,94.2,167.1
"Stadtquartier",44,"Hard",2011,12744,139.7,139.7,79.7,91.2,91.2,159.8
"Stadtquartier",44,"Hard",2012,12994,147.2,147.2,78.8,88.2,88.2,164.9
"Stadtquartier",44,"Hard",2013,13241,147.2,147.2,79.1,89.9,89.9,167.4
"Stadtquartier",44,"Hard",2014,13232,147.2,147.2,80.6,89.9,89.9,164.2
"Stadtquartier",44,"Hard",2015,13072,139.1,139.1,78.3,93.9,93.9,167
"Stadtquartier",44,"Hard",2016,12891,139.1,139.1,77.6,92.6,92.6,166.1
"Stadtquartier",44,"Hard",2017,13057,139.1,139.1,78.4,93.8,93.8,166.5
"Stadtquartier",44,"Hard",2018,13163,139.1,139.1,78.5,94.6,94.6,167.7
"Stadtquartier",44,"Hard",2019,13060,139.1,139.1,79.9,93.9,93.9,163.4
"Stadtquartier",44,"Hard",2020,12554,139.1,139.1,79.9,90.2,90.2,157.1
"Stadtquartier",44,"Hard",2021,12634,139.1,139.1,79.9,90.8,90.8,158.1
"Stadtquartier",44,"Hard",2022,13180,139.1,139.1,79.9,94.7,94.7,164.9
"Stadtquartier",51,"Gewerbeschule",2009,9717,74.3,67.6,43.1,130.8,143.7,225.6
"Stadtquartier",51,"Gewerbeschule",2010,9688,74.3,67.6,43.1,130.4,143.2,224.9
"Stadtquartier",51,"Gewerbeschule",2011,9795,74.3,67.6,43.1,131.8,144.8,227.5
"Stadtquartier",51,"Gewerbeschule",2012,9824,73.9,67.3,42.8,132.9,146,229.4
"Stadtquartier",51,"Gewerbeschule",2013,9626,73.9,67.3,42.8,130.2,143.1,225.1
"Stadtquartier",51,"Gewerbeschule",2014,9539,72.7,67.9,43,131.3,140.5,221.8
"Stadtquartier",51,"Gewerbeschule",2015,9608,72.7,67.8,42.9,132.2,141.7,224.2
"Stadtquartier",51,"Gewerbeschule",2016,9598,72.7,67.8,42.9,132.1,141.6,223.9
"Stadtquartier",51,"Gewerbeschule",2017,9578,73,68.2,43,131.2,140.5,222.5
"Stadtquartier",51,"Gewerbeschule",2018,9513,73,68,43,130.3,139.9,221.3
"Stadtquartier",51,"Gewerbeschule",2019,9562,73,68,43,130.9,140.7,222.4
"Stadtquartier",51,"Gewerbeschule",2020,9424,73,68,42.8,129,138.6,220.3
"Stadtquartier",51,"Gewerbeschule",2021,9583,73,68,42.8,131.2,141,224
"Stadtquartier",51,"Gewerbeschule",2022,9663,73,68,42.7,132.3,142.1,226.3
"Stadtquartier",52,"Escher Wyss",2009,3060,134.6,129.6,92.5,22.7,23.6,33.1
"Stadtquartier",52,"Escher Wyss",2010,3076,134.6,129.6,92.5,22.9,23.7,33.2
"Stadtquartier",52,"Escher Wyss",2011,3129,134.6,129.6,92.6,23.2,24.1,33.8
"Stadtquartier",52,"Escher Wyss",2012,3343,125.4,120.6,89.8,26.7,27.7,37.2
"Stadtquartier",52,"Escher Wyss",2013,4010,125.4,120.6,89.8,32,33.2,44.6
"Stadtquartier",52,"Escher Wyss",2014,4604,126.6,120,89.7,36.4,38.4,51.3
"Stadtquartier",52,"Escher Wyss",2015,5457,126.6,119.6,89.6,43.1,45.6,60.9
"Stadtquartier",52,"Escher Wyss",2016,5825,126.6,119.4,89.5,46,48.8,65.1
"Stadtquartier",52,"Escher Wyss",2017,6088,126.6,119.4,89.6,48.1,51,68
"Stadtquartier",52,"Escher Wyss",2018,6066,126.6,119.4,87.1,47.9,50.8,69.6
"Stadtquartier",52,"Escher Wyss",2019,6188,126.6,119.4,86.9,48.9,51.8,71.2
"Stadtquartier",52,"Escher Wyss",2020,6198,126.6,119.4,85.9,48.9,51.9,72.1
"Stadtquartier",52,"Escher Wyss",2021,6221,126.6,119.4,85.9,49.1,52.1,72.4
"Stadtquartier",52,"Escher Wyss",2022,6225,126.6,119.4,85.5,49.2,52.1,72.8
"Stadtquartier",61,"Unterstrass",2009,21080,247.7,243.2,150.4,85.1,86.7,140.1
"Stadtquartier",61,"Unterstrass",2010,21233,247.8,243.3,150.5,85.7,87.3,141.1
"Stadtquartier",61,"Unterstrass",2011,21240,244.6,240.1,148.2,86.8,88.5,143.4
"Stadtquartier",61,"Unterstrass",2012,21442,246.6,242.1,150.6,86.9,88.6,142.4
"Stadtquartier",61,"Unterstrass",2013,21876,246.6,242.1,152.4,88.7,90.3,143.5
"Stadtquartier",61,"Unterstrass",2014,22126,246.6,242.1,152.4,89.7,91.4,145.2
"Stadtquartier",61,"Unterstrass",2015,22226,246.6,241.5,152.2,90.1,92,146
"Stadtquartier",61,"Unterstrass",2016,22476,246.6,241.3,153.3,91.1,93.1,146.6
"Stadtquartier",61,"Unterstrass",2017,22768,246.6,241.3,153.3,92.3,94.3,148.5
"Stadtquartier",61,"Unterstrass",2018,23394,246.6,241.3,153.7,94.9,96.9,152.2
"Stadtquartier",61,"Unterstrass",2019,23971,246.6,241.3,153.7,97.2,99.3,155.9
"Stadtquartier",61,"Unterstrass",2020,24493,246.6,241.3,153.6,99.3,101.5,159.5
"Stadtquartier",61,"Unterstrass",2021,24489,246.6,241.3,153.7,99.3,101.5,159.4
"Stadtquartier",61,"Unterstrass",2022,24953,246.6,241.3,153.7,101.2,103.4,162.3
"Stadtquartier",63,"Oberstrass",2009,10051,263.5,161.7,113.5,38.1,62.2,88.6
"Stadtquartier",63,"Oberstrass",2010,10231,263.5,161.7,113.5,38.8,63.3,90.1
"Stadtquartier",63,"Oberstrass",2011,10316,263.5,161.7,113.5,39.1,63.8,90.9
"Stadtquartier",63,"Oberstrass",2012,10308,263.5,161.7,113.7,39.1,63.7,90.7
"Stadtquartier",63,"Oberstrass",2013,10452,263.5,161.7,113.7,39.7,64.6,91.9
"Stadtquartier",63,"Oberstrass",2014,10556,263.5,161.8,113.7,40.1,65.3,92.8
"Stadtquartier",63,"Oberstrass",2015,10641,263.5,161.5,113.7,40.4,65.9,93.6
"Stadtquartier",63,"Oberstrass",2016,10794,263.5,161.6,113.2,41,66.8,95.3
"Stadtquartier",63,"Oberstrass",2017,10846,263.5,160.3,113.5,41.2,67.6,95.6
"Stadtquartier",63,"Oberstrass",2018,10927,263.5,160.5,113.5,41.5,68.1,96.3
"Stadtquartier",63,"Oberstrass",2019,10823,263.5,160.5,112.5,41.1,67.4,96.2
"Stadtquartier",63,"Oberstrass",2020,10824,263.5,160.5,112.5,41.1,67.5,96.2
"Stadtquartier",63,"Oberstrass",2021,10866,263.5,160.5,112.8,41.2,67.7,96.3
"Stadtquartier",63,"Oberstrass",2022,10909,263.5,160.5,112.8,41.4,68,96.7
"Stadtquartier",71,"Fluntern",2009,7528,284.4,212.2,138.1,26.5,35.5,54.5
"Stadtquartier",71,"Fluntern",2010,7637,284.4,212.2,138.1,26.9,36,55.3
"Stadtquartier",71,"Fluntern",2011,7873,282.9,212.1,138.1,27.8,37.1,57
"Stadtquartier",71,"Fluntern",2012,7779,284.4,212.3,141,27.4,36.6,55.2
"Stadtquartier",71,"Fluntern",2013,7856,284.4,212.3,141,27.6,37,55.7
"Stadtquartier",71,"Fluntern",2014,7865,284.4,212.2,141.4,27.7,37.1,55.6
"Stadtquartier",71,"Fluntern",2015,7953,284.4,212.2,142.1,28,37.5,56
"Stadtquartier",71,"Fluntern",2016,8038,284.4,212.1,142.4,28.3,37.9,56.4
"Stadtquartier",71,"Fluntern",2017,8221,284.4,211.7,142.4,28.9,38.8,57.7
"Stadtquartier",71,"Fluntern",2018,8485,284.4,212.4,145.3,29.8,39.9,58.4
"Stadtquartier",71,"Fluntern",2019,8639,284.4,212.4,143.5,30.4,40.7,60.2
"Stadtquartier",71,"Fluntern",2020,8685,284.4,212.4,143.5,30.5,40.9,60.5
"Stadtquartier",71,"Fluntern",2021,8777,284.4,212.2,140.4,30.9,41.4,62.5
"Stadtquartier",71,"Fluntern",2022,8946,284.4,212.2,140.5,31.5,42.2,63.7
"Stadtquartier",72,"Hottingen",2009,10594,505.3,264.5,136.4,21,40.1,77.7
"Stadtquartier",72,"Hottingen",2010,10570,505.3,264.5,136.4,20.9,40,77.5
"Stadtquartier",72,"Hottingen",2011,10461,505.2,264.5,136.4,20.7,39.6,76.7
"Stadtquartier",72,"Hottingen",2012,10447,505.3,264.5,136.5,20.7,39.5,76.6
"Stadtquartier",72,"Hottingen",2013,10708,505.3,264.4,136.5,21.2,40.5,78.5
"Stadtquartier",72,"Hottingen",2014,10882,505.3,264.5,136.5,21.5,41.1,79.7
"Stadtquartier",72,"Hottingen",2015,11081,505.3,264.4,137.2,21.9,41.9,80.8
"Stadtquartier",72,"Hottingen",2016,11113,505.3,264.2,138.3,22,42.1,80.4
"Stadtquartier",72,"Hottingen",2017,11172,505.3,263.1,138.5,22.1,42.5,80.6
"Stadtquartier",72,"Hottingen",2018,11265,505.3,263,138.6,22.3,42.8,81.3
"Stadtquartier",72,"Hottingen",2019,11388,505.3,263,138.6,22.5,43.3,82.2
"Stadtquartier",72,"Hottingen",2020,11304,505.3,263,138.5,22.4,43,81.6
"Stadtquartier",72,"Hottingen",2021,11293,505.3,263.1,137.7,22.4,42.9,82
"Stadtquartier",72,"Hottingen",2022,11422,505.3,263.1,137.8,22.6,43.4,82.9
"Stadtquartier",73,"Hirslanden",2009,6956,218.8,96.1,69.1,31.8,72.4,100.6
"Stadtquartier",73,"Hirslanden",2010,6998,218.8,96.1,69.1,32,72.8,101.3
"Stadtquartier",73,"Hirslanden",2011,7024,218.8,96.1,69.1,32.1,73.1,101.6
"Stadtquartier",73,"Hirslanden",2012,7131,218.8,96.1,69.1,32.6,74.2,103.2
"Stadtquartier",73,"Hirslanden",2013,7285,218.8,96.1,69.1,33.3,75.8,105.4
"Stadtquartier",73,"Hirslanden",2014,7403,218.6,95.9,69.1,33.9,77.2,107.1
"Stadtquartier",73,"Hirslanden",2015,7380,218.7,95.9,69.1,33.7,77,106.8
"Stadtquartier",73,"Hirslanden",2016,7321,218.7,95.6,69.3,33.5,76.6,105.6
"Stadtquartier",73,"Hirslanden",2017,7465,218.7,95.1,69.3,34.1,78.5,107.8
"Stadtquartier",73,"Hirslanden",2018,7488,218.7,95.1,69.1,34.2,78.7,108.3
"Stadtquartier",73,"Hirslanden",2019,7503,218.7,95.1,69.1,34.3,78.9,108.6
"Stadtquartier",73,"Hirslanden",2020,7396,218.7,95.1,69.1,33.8,77.8,107
"Stadtquartier",73,"Hirslanden",2021,7338,218.7,95.1,69.1,33.6,77.2,106.1
"Stadtquartier",73,"Hirslanden",2022,7531,218.7,95.1,69.1,34.4,79.2,108.9
"Stadtquartier",74,"Witikon",2009,10284,493.3,284.5,135.9,20.8,36.2,75.7
"Stadtquartier",74,"Witikon",2010,10242,493.3,284.5,135.9,20.8,36,75.4
"Stadtquartier",74,"Witikon",2011,10258,494.1,285.3,136.5,20.8,36,75.2
"Stadtquartier",74,"Witikon",2012,10246,493.3,284.5,135.9,20.8,36,75.4
"Stadtquartier",74,"Witikon",2013,10267,493.3,284.5,136.2,20.8,36.1,75.4
"Stadtquartier",74,"Witikon",2014,10406,493.5,284.6,136.2,21.1,36.6,76.4
"Stadtquartier",74,"Witikon",2015,10639,493.4,283.8,136.2,21.6,37.5,78.1
"Stadtquartier",74,"Witikon",2016,10667,493.4,283.4,137.9,21.6,37.6,77.3
"Stadtquartier",74,"Witikon",2017,10600,493.4,282.8,137.9,21.5,37.5,76.9
"Stadtquartier",74,"Witikon",2018,10953,493.4,284.4,138.1,22.2,38.5,79.3
"Stadtquartier",74,"Witikon",2019,11054,494.4,285.5,138.1,22.4,38.7,80
"Stadtquartier",74,"Witikon",2020,11244,493.4,284.5,138.1,22.8,39.5,81.4
"Stadtquartier",74,"Witikon",2021,11255,493.4,284.5,138.1,22.8,39.6,81.5
"Stadtquartier",74,"Witikon",2022,11402,493.4,284.5,138.1,23.1,40.1,82.6
"Stadtquartier",81,"Seefeld",2009,4732,242.3,67.1,36.4,19.5,70.5,130
"Stadtquartier",81,"Seefeld",2010,4840,242.3,67.1,36.4,20,72.2,133
"Stadtquartier",81,"Seefeld",2011,4908,242.3,67.1,36.5,20.3,73.2,134.4
"Stadtquartier",81,"Seefeld",2012,4916,242.3,67.1,36.7,20.3,73.3,133.8
"Stadtquartier",81,"Seefeld",2013,4978,242.3,67.1,36.7,20.5,74.2,135.8
"Stadtquartier",81,"Seefeld",2014,5035,242.2,67.1,37.1,20.8,75.1,135.7
"Stadtquartier",81,"Seefeld",2015,4990,242.2,67,37.1,20.6,74.4,134.5
"Stadtquartier",81,"Seefeld",2016,5046,242.2,67.1,36.8,20.8,75.3,137
"Stadtquartier",81,"Seefeld",2017,5129,242.2,67.1,36.8,21.2,76.5,139.2
"Stadtquartier",81,"Seefeld",2018,5253,242.2,67.1,36.9,21.7,78.3,142.3
"Stadtquartier",81,"Seefeld",2019,5319,242.2,67.1,36.9,22,79.3,144.1
"Stadtquartier",81,"Seefeld",2020,5480,242.2,67,36.9,22.6,81.8,148.6
"Stadtquartier",81,"Seefeld",2021,5862,242.2,67,36.9,24.2,87.5,159
"Stadtquartier",81,"Seefeld",2022,5815,242.2,67,36.9,24,86.8,157.7
"Stadtquartier",82,"Mühlebach",2009,5545,63.8,63.6,48.1,86.9,87.2,115.2
"Stadtquartier",82,"Mühlebach",2010,5679,63.8,63.6,48.2,89,89.3,117.7
"Stadtquartier",82,"Mühlebach",2011,5651,63.5,63.4,48.3,88.9,89.2,117
"Stadtquartier",82,"Mühlebach",2012,5745,63.8,63.6,48.3,90.1,90.3,118.8
"Stadtquartier",82,"Mühlebach",2013,5912,63.8,63.6,47.5,92.7,92.9,124.5
"Stadtquartier",82,"Mühlebach",2014,6107,63.9,63.8,47.5,95.5,95.8,128.6
"Stadtquartier",82,"Mühlebach",2015,6116,63.9,63.8,47.5,95.7,95.9,128.8
"Stadtquartier",82,"Mühlebach",2016,6137,63.9,63.8,48,96,96.2,127.8
"Stadtquartier",82,"Mühlebach",2017,6164,63.9,63.8,48,96.4,96.6,128.4
"Stadtquartier",82,"Mühlebach",2018,6315,63.9,63.8,48,98.8,99,131.4
"Stadtquartier",82,"Mühlebach",2019,6327,63.9,63.8,48,99,99.2,131.7
"Stadtquartier",82,"Mühlebach",2020,6414,63.9,63.8,48,100.4,100.6,133.5
"Stadtquartier",82,"Mühlebach",2021,6408,63.9,63.8,48,100.3,100.5,133.4
"Stadtquartier",82,"Mühlebach",2022,6440,63.9,63.8,48,100.8,101,134.1
"Stadtquartier",83,"Weinegg",2009,4935,174.5,157.8,94.2,28.3,31.3,52.4
"Stadtquartier",83,"Weinegg",2010,4999,174.5,157.8,94.1,28.6,31.7,53.1
"Stadtquartier",83,"Weinegg",2011,4942,158,141.4,89.7,31.3,34.9,55.1
"Stadtquartier",83,"Weinegg",2012,4783,174.5,157.8,93.4,27.4,30.3,51.2
"Stadtquartier",83,"Weinegg",2013,5022,174.5,157.8,93.5,28.8,31.8,53.7
"Stadtquartier",83,"Weinegg",2014,5036,174.5,157.8,93.6,28.9,31.9,53.8
"Stadtquartier",83,"Weinegg",2015,5086,174.5,157.8,93.7,29.1,32.2,54.3
"Stadtquartier",83,"Weinegg",2016,5030,174.5,157.6,96.7,28.8,31.9,52
"Stadtquartier",83,"Weinegg",2017,5248,174.5,157.5,96.1,30.1,33.3,54.6
"Stadtquartier",83,"Weinegg",2018,5220,174.5,157.5,100.5,29.9,33.1,51.9
"Stadtquartier",83,"Weinegg",2019,5414,174.5,157.5,100.5,31,34.4,53.9
"Stadtquartier",83,"Weinegg",2020,5562,174.5,157.5,100.5,31.9,35.3,55.4
"Stadtquartier",83,"Weinegg",2021,5548,174.5,157.5,100.4,31.8,35.2,55.2
"Stadtquartier",83,"Weinegg",2022,5559,174.5,157.4,100.5,31.8,35.3,55.3
"Stadtquartier",91,"Albisrieden",2009,17675,460.1,272.1,177.6,38.4,65,99.5
"Stadtquartier",91,"Albisrieden",2010,17835,460.1,272.1,177.6,38.8,65.5,100.4
"Stadtquartier",91,"Albisrieden",2011,18432,460.1,272.1,177.8,40.1,67.7,103.7
"Stadtquartier",91,"Albisrieden",2012,18999,460.1,272.1,177.8,41.3,69.8,106.8
"Stadtquartier",91,"Albisrieden",2013,19146,460.1,272.5,177.8,41.6,70.3,107.7
"Stadtquartier",91,"Albisrieden",2014,19199,460.1,272.5,177.9,41.7,70.5,107.9
"Stadtquartier",91,"Albisrieden",2015,19325,460.1,272.4,177.2,42,70.9,109.1
"Stadtquartier",91,"Albisrieden",2016,21174,460.2,272,177.3,46,77.8,119.4
"Stadtquartier",91,"Albisrieden",2017,22113,460.1,271.4,175.9,48.1,81.5,125.7
"Stadtquartier",91,"Albisrieden",2018,22304,460.1,271.6,175.6,48.5,82.1,127
"Stadtquartier",91,"Albisrieden",2019,22352,460.1,271.6,175.7,48.6,82.3,127.2
"Stadtquartier",91,"Albisrieden",2020,22364,460.1,271.6,175.6,48.6,82.3,127.4
"Stadtquartier",91,"Albisrieden",2021,22412,460.1,271.6,175.6,48.7,82.5,127.7
"Stadtquartier",91,"Albisrieden",2022,22875,460.1,271.6,175.5,49.7,84.2,130.3
"Stadtquartier",92,"Altstetten",2009,29845,746.8,569.1,350.6,40,52.4,85.1
"Stadtquartier",92,"Altstetten",2010,30659,746.8,569.1,350.6,41.1,53.9,87.4
"Stadtquartier",92,"Altstetten",2011,31381,747,569.3,350.4,42,55.1,89.5
"Stadtquartier",92,"Altstetten",2012,31438,745.5,567.4,351.6,42.2,55.4,89.4
"Stadtquartier",92,"Altstetten",2013,31115,745.6,567.4,350.4,41.7,54.8,88.8
"Stadtquartier",92,"Altstetten",2014,31486,745.6,567.4,353.1,42.2,55.5,89.2
"Stadtquartier",92,"Altstetten",2015,32003,745.5,567.4,351.8,42.9,56.4,91
"Stadtquartier",92,"Altstetten",2016,31724,745.5,566.2,359.2,42.6,56,88.3
"Stadtquartier",92,"Altstetten",2017,32603,745.5,565.4,358.4,43.7,57.7,91
"Stadtquartier",92,"Altstetten",2018,33461,745.5,565.9,357.5,44.9,59.1,93.6
"Stadtquartier",92,"Altstetten",2019,34285,745.5,566,358.2,46,60.6,95.7
"Stadtquartier",92,"Altstetten",2020,34098,745.5,566,358.1,45.7,60.2,95.2
"Stadtquartier",92,"Altstetten",2021,34665,745.5,565.9,357.6,46.5,61.3,96.9
"Stadtquartier",92,"Altstetten",2022,35642,745.5,565.9,357.3,47.8,63,99.7
"Stadtquartier",101,"Höngg",2009,21294,698.3,465.4,241.7,30.5,45.8,88.1
"Stadtquartier",101,"Höngg",2010,21179,698.3,465.4,241.5,30.3,45.5,87.7
"Stadtquartier",101,"Höngg",2011,21323,696.4,462.1,241.2,30.6,46.1,88.4
"Stadtquartier",101,"Höngg",2012,21537,698.4,465.4,241.6,30.8,46.3,89.2
"Stadtquartier",101,"Höngg",2013,21581,698.3,465.4,241.5,30.9,46.4,89.4
"Stadtquartier",101,"Höngg",2014,21826,698.3,465.5,241.6,31.3,46.9,90.3
"Stadtquartier",101,"Höngg",2015,22320,698.4,463.6,242.1,32,48.1,92.2
"Stadtquartier",101,"Höngg",2016,23423,698.4,463.8,243.9,33.5,50.5,96
"Stadtquartier",101,"Höngg",2017,23797,698.4,462,247.2,34.1,51.5,96.3
"Stadtquartier",101,"Höngg",2018,24020,698.4,462.1,248.3,34.4,52,96.8
"Stadtquartier",101,"Höngg",2019,24358,698.4,461.9,246.9,34.9,52.7,98.7
"Stadtquartier",101,"Höngg",2020,24439,698.4,461.9,247,35,52.9,99
"Stadtquartier",101,"Höngg",2021,24510,698.4,461.9,246.8,35.1,53.1,99.3
"Stadtquartier",101,"Höngg",2022,24807,698.4,461.9,246.9,35.5,53.7,100.5
"Stadtquartier",102,"Wipkingen",2009,15645,209,153.9,108.1,74.8,101.7,144.7
"Stadtquartier",102,"Wipkingen",2010,15700,209,153.9,108.1,75.1,102,145.2
"Stadtquartier",102,"Wipkingen",2011,15869,266.2,158.5,108.4,59.6,100.1,146.4
"Stadtquartier",102,"Wipkingen",2012,15791,210.2,156.1,108.2,75.1,101.1,145.9
"Stadtquartier",102,"Wipkingen",2013,15835,210.2,155,107.9,75.3,102.1,146.7
"Stadtquartier",102,"Wipkingen",2014,15717,210.2,155,107.9,74.8,101.4,145.6
"Stadtquartier",102,"Wipkingen",2015,15879,210.2,154.9,108,75.5,102.5,147
"Stadtquartier",102,"Wipkingen",2016,16141,210.2,154.9,108.8,76.8,104.2,148.3
"Stadtquartier",102,"Wipkingen",2017,16544,210.2,154.6,107.4,78.7,107,154.1
"Stadtquartier",102,"Wipkingen",2018,16321,210.2,154.8,107.5,77.6,105.4,151.9
"Stadtquartier",102,"Wipkingen",2019,16474,210.2,154.8,107.3,78.4,106.4,153.5
"Stadtquartier",102,"Wipkingen",2020,16605,210.2,154.9,107.4,79,107.2,154.7
"Stadtquartier",102,"Wipkingen",2021,16507,210.2,154.9,107.3,78.5,106.6,153.8
"Stadtquartier",102,"Wipkingen",2022,16698,210.2,155,107.3,79.4,107.8,155.6
"Stadtquartier",111,"Affoltern",2009,22383,603.2,493.3,204,37.1,45.4,109.7
"Stadtquartier",111,"Affoltern",2010,22972,603.2,493.3,205.1,38.1,46.6,112
"Stadtquartier",111,"Affoltern",2011,24437,603.2,493.3,207.9,40.5,49.5,117.6
"Stadtquartier",111,"Affoltern",2012,24855,603.2,493.2,212.3,41.2,50.4,117.1
"Stadtquartier",111,"Affoltern",2013,25082,603.2,493.2,212.2,41.6,50.9,118.2
"Stadtquartier",111,"Affoltern",2014,25902,603.1,493.1,212.5,42.9,52.5,121.9
"Stadtquartier",111,"Affoltern",2015,25874,604.4,493.7,213.9,42.8,52.4,121
"Stadtquartier",111,"Affoltern",2016,26054,604.4,493.4,215.1,43.1,52.8,121.1
"Stadtquartier",111,"Affoltern",2017,26177,604.4,493.5,215.8,43.3,53,121.3
"Stadtquartier",111,"Affoltern",2018,26562,604.4,494.2,216.6,43.9,53.7,122.6
"Stadtquartier",111,"Affoltern",2019,26710,604.4,494.2,217.1,44.2,54,123
"Stadtquartier",111,"Affoltern",2020,26584,604.4,494.6,216.9,44,53.7,122.6
"Stadtquartier",111,"Affoltern",2021,26554,604.4,495.3,217.1,43.9,53.6,122.3
"Stadtquartier",111,"Affoltern",2022,26935,604.4,495.3,217.1,44.6,54.4,124
"Stadtquartier",115,"Oerlikon",2009,20740,267.9,264.5,187.6,77.4,78.4,110.5
"Stadtquartier",115,"Oerlikon",2010,20787,267.8,264.4,187.5,77.6,78.6,110.9
"Stadtquartier",115,"Oerlikon",2011,21253,267.8,264.4,187.6,79.4,80.4,113.3
"Stadtquartier",115,"Oerlikon",2012,21331,267.8,265,188.5,79.6,80.5,113.2
"Stadtquartier",115,"Oerlikon",2013,21658,267.8,265,188.8,80.9,81.7,114.7
"Stadtquartier",115,"Oerlikon",2014,21895,267.8,265,188.7,81.7,82.6,116
"Stadtquartier",115,"Oerlikon",2015,21966,267.5,264.7,188.5,82.1,83,116.5
"Stadtquartier",115,"Oerlikon",2016,22161,267.5,263.4,187.7,82.9,84.1,118.1
"Stadtquartier",115,"Oerlikon",2017,22815,267.5,263.3,187.5,85.3,86.6,121.7
"Stadtquartier",115,"Oerlikon",2018,23214,267.5,264.2,187.3,86.8,87.9,124
"Stadtquartier",115,"Oerlikon",2019,23288,267.5,264.2,187.2,87.1,88.2,124.4
"Stadtquartier",115,"Oerlikon",2020,23548,267.5,264.2,187.1,88,89.1,125.9
"Stadtquartier",115,"Oerlikon",2021,23880,267.5,264.2,187.1,89.3,90.4,127.6
"Stadtquartier",115,"Oerlikon",2022,24119,267.5,264.2,187.1,90.2,91.3,128.9
"Stadtquartier",119,"Seebach",2009,21489,471.8,431.5,221.1,45.5,49.8,97.2
"Stadtquartier",119,"Seebach",2010,22037,471.8,431.6,220.6,46.7,51.1,99.9
"Stadtquartier",119,"Seebach",2011,22255,473.9,431.6,219.6,47,51.6,101.3
"Stadtquartier",119,"Seebach",2012,23310,471.8,431.6,220.3,49.4,54,105.8
"Stadtquartier",119,"Seebach",2013,24008,471.8,431.6,219.8,50.9,55.6,109.2
"Stadtquartier",119,"Seebach",2014,24431,471.9,431.6,220.1,51.8,56.6,111
"Stadtquartier",119,"Seebach",2015,24991,471,430.3,220.5,53.1,58.1,113.3
"Stadtquartier",119,"Seebach",2016,25198,471,424.8,221.9,53.5,59.3,113.5
"Stadtquartier",119,"Seebach",2017,25817,471,424.8,223.2,54.8,60.8,115.7
"Stadtquartier",119,"Seebach",2018,25568,471,425.3,223.2,54.3,60.1,114.5
"Stadtquartier",119,"Seebach",2019,25806,471,425.3,222.9,54.8,60.7,115.8
"Stadtquartier",119,"Seebach",2020,26056,471,425.5,222.9,55.3,61.2,116.9
"Stadtquartier",119,"Seebach",2021,26541,471,425.5,222.7,56.3,62.4,119.2
"Stadtquartier",119,"Seebach",2022,26980,471,425.5,222.8,57.3,63.4,121.1
"Stadtquartier",121,"Saatlen",2009,7132,111,107.5,82.5,64.2,66.4,86.5
"Stadtquartier",121,"Saatlen",2010,7175,111,107.2,81.4,64.6,67,88.1
"Stadtquartier",121,"Saatlen",2011,7131,111,107.2,81.5,64.2,66.5,87.6
"Stadtquartier",121,"Saatlen",2012,7118,111,107.2,81.5,64.1,66.4,87.4
"Stadtquartier",121,"Saatlen",2013,7280,113.3,109.3,81.9,64.3,66.6,88.9
"Stadtquartier",121,"Saatlen",2014,7563,112.8,108.9,81.9,67,69.4,92.4
"Stadtquartier",121,"Saatlen",2015,8508,112.8,109,82.3,75.4,78.1,103.3
"Stadtquartier",121,"Saatlen",2016,8283,112.8,108.3,83.2,73.4,76.5,99.6
"Stadtquartier",121,"Saatlen",2017,8388,112.8,107.6,83.1,74.4,77.9,101
"Stadtquartier",121,"Saatlen",2018,8582,112.8,108,83.9,76.1,79.5,102.3
"Stadtquartier",121,"Saatlen",2019,8841,112.8,107.9,83.8,78.4,81.9,105.5
"Stadtquartier",121,"Saatlen",2020,8799,112.8,107.9,83.8,78,81.5,105
"Stadtquartier",121,"Saatlen",2021,8788,112.8,107.9,83.8,77.9,81.4,104.8
"Stadtquartier",121,"Saatlen",2022,8826,112.8,107.9,84,78.2,81.8,105.1
"Stadtquartier",122,"Schwamendingen-Mitte",2009,10857,228.9,137.4,86.9,47.4,79,124.9
"Stadtquartier",122,"Schwamendingen-Mitte",2010,10903,228.9,137.4,86.9,47.6,79.4,125.4
"Stadtquartier",122,"Schwamendingen-Mitte",2011,10863,228.9,137.4,87,47.5,79.1,124.9
"Stadtquartier",122,"Schwamendingen-Mitte",2012,10934,229.3,137.9,86.9,47.7,79.3,125.8
"Stadtquartier",122,"Schwamendingen-Mitte",2013,11209,227.1,135.8,87.4,49.4,82.5,128.3
"Stadtquartier",122,"Schwamendingen-Mitte",2014,11301,279.1,138.5,87.4,40.5,81.6,129.4
"Stadtquartier",122,"Schwamendingen-Mitte",2015,11315,279.1,138.3,87.4,40.5,81.8,129.4
"Stadtquartier",122,"Schwamendingen-Mitte",2016,11076,279.2,138.1,87.7,39.7,80.2,126.3
"Stadtquartier",122,"Schwamendingen-Mitte",2017,11012,279.2,137.3,88,39.4,80.2,125.2
"Stadtquartier",122,"Schwamendingen-Mitte",2018,11100,279.2,137.3,87.9,39.8,80.8,126.3
"Stadtquartier",122,"Schwamendingen-Mitte",2019,11261,279.2,137.4,87.9,40.3,82,128.1
"Stadtquartier",122,"Schwamendingen-Mitte",2020,11083,279.2,137.4,87.9,39.7,80.7,126.1
"Stadtquartier",122,"Schwamendingen-Mitte",2021,10975,279.2,137.4,87.9,39.3,79.9,124.9
"Stadtquartier",122,"Schwamendingen-Mitte",2022,11207,279.2,137.4,87.9,40.1,81.6,127.5
"Stadtquartier",123,"Hirzenbach",2009,11610,256.7,180.5,99.2,45.2,64.3,117.1
"Stadtquartier",123,"Hirzenbach",2010,11459,256.7,180.5,99.2,44.6,63.5,115.6
"Stadtquartier",123,"Hirzenbach",2011,11516,256.7,180.5,98.9,44.9,63.8,116.4
"Stadtquartier",123,"Hirzenbach",2012,11404,256.2,179.9,99.4,44.5,63.4,114.7
"Stadtquartier",123,"Hirzenbach",2013,11153,256.2,180,99.3,43.5,62,112.3
"Stadtquartier",123,"Hirzenbach",2014,11679,204.6,177.7,99.5,57.1,65.7,117.4
"Stadtquartier",123,"Hirzenbach",2015,11930,204.6,176.7,99.4,58.3,67.5,120
"Stadtquartier",123,"Hirzenbach",2016,12463,204.6,176.2,101.3,60.9,70.7,123.1
"Stadtquartier",123,"Hirzenbach",2017,12627,204.6,176.1,101.1,61.7,71.7,124.9
"Stadtquartier",123,"Hirzenbach",2018,12801,204.6,175.9,101.1,62.6,72.8,126.6
"Stadtquartier",123,"Hirzenbach",2019,13129,204.6,175.9,100.2,64.2,74.6,131
"Stadtquartier",123,"Hirzenbach",2020,12963,204.6,175.9,100.3,63.3,73.7,129.3
"Stadtquartier",123,"Hirzenbach",2021,12891,204.6,175.9,100.2,63,73.3,128.7
"Stadtquartier",123,"Hirzenbach",2022,12920,204.6,175.9,100.2,63.1,73.4,129
